{"polyfill":["/polyfill-f9f75e6a685e66a1cd13.js"],"app":["/app-541df958915088bcc1c4.js"],"component---src-pages-404-js":["/component---src-pages-404-js-bec5e7eea5701dc295d8.js"],"component---src-pages-app-js":["/component---src-pages-app-js-89ad8b018f6304aec7f8.js"],"component---src-pages-index-js":["/component---src-pages-index-js-8a65cb06f36bc1a3217b.js"],"component---src-pages-overview-js":["/component---src-pages-overview-js-ec435e5d3469361e3eb2.js"],"component---src-pages-provenance-js":["/component---src-pages-provenance-js-3b17c17e52286abcbe3d.js"],"component---src-pages-splash-js":["/component---src-pages-splash-js-aeb89c10bdbe0719d2e5.js"],"component---src-pages-wet-js":["/component---src-pages-wet-js-6df8972a0e42ab84f061.js"]}